date,target,close_date,direction,prob,reason_class,source
2026-09-15,KOSPI,2026-09-15,하락,60,매크로,issue_comment:5677957062
2026-09-15,SP500,2026-09-15,하락,55,매크로,issue_comment:5677957062
2026-09-16,KOSPI,2026-09-16,하락,58,매크로,issue_comment:5692480129
2026-09-16,SP500,2026-09-16,하락,53,이벤트,issue_comment:5692480129
2026-09-17,KOSPI,2026-09-17,하락,62,이벤트,issue_comment:5708211815
2026-09-17,SP500,2026-09-17,하락,52,매크로,issue_comment:5708211815
2026-09-18,KOSPI,2026-09-18,상승,60,이벤트,issue_comment:5887723644
2026-09-18,SP500,2026-09-18,상승,52,이벤트,issue_comment:5887723644
2026-09-21,KOSPI,2026-09-21,하락,55,매크로,issue_comment:5887734051
2026-09-21,SP500,2026-09-21,상승,52,신호감지,issue_comment:5887734051
2026-09-22,KOSPI,2026-09-22,상승,60,이벤트,issue_comment:5887737678
2026-09-22,SP500,2026-09-22,상승,53,신호감지,issue_comment:5887737678
2026-09-24,KOSPI,2026-09-24,하락,68,매크로,issue_comment:5887746821
2026-09-24,SP500,2026-09-24,상승,54,신호감지,issue_comment:5887746821
2026-09-25,KOSPI,2026-09-25,하락,58,매크로,issue_comment:5887749546
2026-09-25,SP500,2026-09-25,상승,53,이벤트,issue_comment:5887749546
2026-09-28,KOSPI,2026-09-28,상승,52,신호감지,issue_comment:5887754995
2026-09-28,SP500,2026-09-28,상승,55,매크로,issue_comment:5887754995
2026-09-29,KOSPI,2026-09-29,하락,60,매크로,issue_comment:5887759561
2026-09-29,SP500,2026-09-29,하락,52,매크로,issue_comment:5887759561
2026-09-30,KOSPI,2026-09-30,하락,58,매크로,issue_comment:5927797470
2026-09-30,SP500,2026-09-30,하락,53,이벤트,issue_comment:5927797470
2026-10-01,KOSPI,2026-10-01,상승,58,매크로,issue_comment:5927802436
2026-10-01,SP500,2026-10-01,상승,53,이벤트,issue_comment:5927802436
