date,target,close_date,direction,prob,reason_class,prev_close,close,ret_pct,actual,status,hit,flat
2026-09-15,KOSPI,2026-09-15,하락,60,매크로,6684.37,6627.26,-0.854,하락,채점,1,0
2026-09-15,SP500,2026-09-15,하락,55,매크로,7619.98,7585.73,-0.449,하락,채점,1,0
2026-09-16,KOSPI,2026-09-16,하락,58,매크로,6627.26,6717.97,1.369,상승,채점,0,0
2026-09-16,SP500,2026-09-16,하락,53,이벤트,7585.73,7551.81,-0.447,하락,채점,1,0
2026-09-17,KOSPI,2026-09-17,하락,62,이벤트,6717.97,6715.41,-0.038,하락,채점,1,1
2026-09-17,SP500,2026-09-17,하락,52,매크로,7551.81,7637.76,1.138,상승,채점,0,0
2026-09-18,KOSPI,2026-09-18,상승,60,이벤트,6715.41,6894.23,2.663,상승,채점,1,0
2026-09-18,SP500,2026-09-18,상승,52,이벤트,7637.76,7650.50,0.167,상승,채점,1,0
2026-09-21,KOSPI,2026-09-21,하락,55,매크로,6894.23,7007.72,1.646,상승,채점,0,0
2026-09-21,SP500,2026-09-21,상승,52,신호감지,7650.50,7764.70,1.493,상승,채점,1,0
2026-09-22,KOSPI,2026-09-22,상승,60,이벤트,7007.72,7017.91,0.145,상승,채점,1,0
2026-09-22,SP500,2026-09-22,상승,53,신호감지,7764.70,7764.64,-0.001,하락,채점,0,1
2026-09-24,KOSPI,2026-09-24,하락,68,매크로,,,,,휴장,,
2026-09-24,SP500,2026-09-24,상승,54,신호감지,7706.03,7704.13,-0.025,하락,채점,0,1
2026-09-25,KOSPI,2026-09-25,하락,58,매크로,,,,,휴장,,
2026-09-25,SP500,2026-09-25,상승,53,이벤트,7704.13,7743.41,0.510,상승,채점,1,0
2026-09-28,KOSPI,2026-09-28,상승,52,신호감지,7080.92,6889.74,-2.700,하락,채점,0,0
2026-09-28,SP500,2026-09-28,상승,55,매크로,7743.41,7683.69,-0.771,하락,채점,0,0
2026-09-29,KOSPI,2026-09-29,하락,60,매크로,,,,,미채점,,
2026-09-29,SP500,2026-09-29,하락,52,매크로,7683.69,7670.84,-0.167,하락,채점,1,0
